ID,FIRST_NAME,LAST_NAME,EMAIL,GENDER,CONTACT,COUNTRY,DOB
1,Mindy,Coleman,lauren46@yahoo.com,Other,(630)993-5995,Saint Kitts and Nevis,2007-01-04
2,Alisha,Rice,jamesmurray@woodward.com,Other,300.405.0788x657,Oman,1983-05-28
3,Stephanie,Malone,bjones@drake.org,Female,042-821-5962x213,Benin,1994-04-22
4,Laura,Merritt,jermaine69@winters.net,Other,(001)007-6362,Solomon Islands,1991-02-20
5,Jennifer,Smith,hernandezgregory@smith.com,Female,001-559-476-8188x762,Indonesia,1975-12-07
6,Andre,Collins,robert89@gmail.com,Female,769.616.2234,Uruguay,1968-01-10
7,Daniel,Miller,adam50@yahoo.com,Male,+1-178-005-0976x78907,Slovakia (Slovak Republic),1976-08-25
8,Daniel,Adams,garciashannon@carpenter.com,Male,945-928-0146x1199,Saint Vincent and the Grenadines,1967-06-20
9,Michael,Neal,michaelcarter@gmail.com,Female,(928)818-8134,Argentina,2007-01-16
10,Eric,Nelson,yvonne59@mendoza.com,Other,+1-280-612-7622x79678,Malta,1995-05-26
11,Timothy,Marks,xmurray@jimenez.biz,Male,700-146-5281x8327,Mexico,1960-02-13
12,Kimberly,Gonzalez,jerry62@arnold.com,Male,001-457-182-5426x93427,Uruguay,1985-12-22
13,Michael,Coleman,marie24@hotmail.com,Female,(178)231-7933,Kenya,1973-08-18
14,Sarah,House,qvelazquez@yahoo.com,Other,001-036-294-9905x84801,Armenia,1978-06-18
15,Samantha,Burke,kimamanda@hotmail.com,Female,(484)663-5650x702,Zimbabwe,1966-04-06
16,Thomas,Jones,briana70@yahoo.com,Other,(440)559-2581x24722,Gambia,1985-12-14
17,Megan,Reid,torreshunter@hotmail.com,Female,+1-189-252-4295x64907,Estonia,2002-09-11
18,Michelle,Kelley,savagerichard@williams.com,Female,(638)566-0318,Nepal,1975-03-30
19,Steven,Petty,kimberlydelgado@yahoo.com,Female,(138)780-4312,Bouvet Island (Bouvetoya),1992-01-14
20,Derrick,Shields,deckeradam@hotmail.com,Other,+1-140-626-5206x657,Colombia,1967-11-30
21,Rachel,Gutierrez,nsimmons@flores-johnson.com,Male,(543)433-3104,Bahrain,1974-08-09
22,Laura,Roman,jreese@hotmail.com,Female,096-394-3288,Solomon Islands,1960-01-07
23,Isaiah,Campbell,matthewroberts@stevens-hines.com,Other,+1-737-665-4739x629,Iran,1991-07-24
24,Janice,Porter,hmartinez@gmail.com,Other,112-106-9105x56121,United States Virgin Islands,1970-10-29
25,Christopher,James,william20@gmail.com,Other,221.930.7998x88402,Cocos (Keeling) Islands,1986-11-11
26,Jeffrey,Bernard,pattersonjoseph@johnson-johnson.info,Male,477.766.0551x2166,Samoa,1968-02-22
27,Tracey,Palmer,alexismiller@yahoo.com,Female,+1-533-692-7043x5517,Korea,1967-02-07
28,Ashley,Johnson,joshuamyers@clark-ellison.info,Other,(073)741-5868,Ireland,1971-04-05
29,Andrew,Abbott,stephen03@yahoo.com,Female,9378898184,Monaco,1979-04-10
30,Bradley,Ramsey,blackrebecca@mullen-mendez.info,Male,392.667.1220,Albania,2006-07-19
31,Lori,Grant,joseph45@soto.com,Female,484-988-4375,Kuwait,1993-01-09
32,Zachary,Hutchinson,rbrown@mcdonald.biz,Female,121-355-5907x441,Kenya,1960-07-13
33,Anna,Harper,briandiaz@taylor.com,Male,(063)163-9675x06106,Anguilla,1961-05-19
34,Andrew,Walker,whitneydavid@hotmail.com,Female,001-515-962-8672x160,Ireland,1979-02-20
35,Christy,Shields,valentinewilliam@scott.com,Male,208.518.7073x2840,Taiwan,1972-10-25
36,Daniel,Nixon,jlozano@york.com,Male,(416)350-5968,Northern Mariana Islands,1963-04-01
37,Melissa,Bass,alexandrawest@yahoo.com,Male,+1-496-056-1670,Bahrain,1990-02-03
38,Phillip,Reed,jessica76@parker.com,Other,753.338.1703x539,Cook Islands,1986-05-20
39,Michael,Miller,daniellewallace@fields.com,Other,449.101.1514x711,Guadeloupe,1959-07-22
40,Amanda,Bates,kyle95@jackson.info,Male,017.821.9619x86613,Reunion,1992-02-16
41,Tiffany,Fernandez,rebeccamacdonald@gmail.com,Male,+1-972-212-7496x41724,Israel,1967-06-07
42,Bradley,Jackson,michellereyes@davis-jackson.com,Male,(879)867-5007,Saint Lucia,1996-09-26
43,Luis,Rivers,fperez@duarte.com,Male,(054)642-8919x11313,Luxembourg,1981-07-09
44,Andrew,Martinez,lauren38@gmail.com,Female,+1-175-171-7734,Belgium,2004-05-20
45,Dana,Daniels,callahanjohn@yahoo.com,Other,794-064-7369x6848,Uzbekistan,1991-11-17
46,Robert,Huff,flemingcraig@rich-king.com,Other,+1-052-375-4009x02863,Qatar,1995-07-12
47,David,Caldwell,sfields@yahoo.com,Female,+1-794-349-6023x0789,Cuba,1978-09-24
48,Lisa,Montoya,kathrynanderson@hotmail.com,Male,656-822-6616x158,Swaziland,1977-09-14
49,Emily,Guzman,hpearson@hicks.com,Female,8572565473,United States Virgin Islands,1965-07-21
50,Samantha,Marshall,tsharp@yahoo.com,Male,001-299-030-9059,Algeria,1963-12-24
51,Scott,Wilson,christopher55@hotmail.com,Male,+1-605-099-2696x163,Madagascar,2003-12-24
52,Gabriela,Morris,kyle60@ferguson.com,Male,+1-919-684-9031,Malta,1965-04-05
53,Wayne,White,christopher07@yahoo.com,Female,(983)500-8083x9978,Djibouti,1962-05-18
54,Charles,Banks,marktorres@gmail.com,Other,001-234-566-3195,Korea,1971-03-05
55,Robert,Smith,michelle04@yahoo.com,Female,001-328-425-5278x19716,United States Virgin Islands,1986-06-17
56,Christina,Pham,frederick10@stephenson-green.biz,Male,001-443-755-6001x7092,Syrian Arab Republic,1971-05-03
57,Carrie,Williams,tiffany09@hotmail.com,Male,565-723-6237x90942,Mauritius,1975-05-01
58,Amanda,Bean,fstokes@hotmail.com,Other,529.132.4982,Belize,1981-12-02
59,Brent,Vazquez,eric91@gmail.com,Male,(166)291-7219x8902,Bermuda,1996-04-12
60,Victor,Rivera,whanson@carroll-underwood.net,Female,949.456.9919,Switzerland,1961-04-29
61,David,Ellis,kristyobrien@yahoo.com,Male,001-235-083-3453x637,Montenegro,1993-10-21
62,Tammy,Cruz,kpatterson@brennan-reeves.com,Female,001-539-916-0279x41561,Maldives,1972-08-21
63,Donald,Flores,williamswendy@yahoo.com,Female,+1-472-585-5776x231,Ukraine,1978-04-01
64,Angela,David,brianolsen@butler-miranda.com,Male,936-560-2628x64293,United Kingdom,2000-08-11
65,Catherine,Heath,slopez@hotmail.com,Female,001-852-800-2841x9127,Hong Kong,1985-03-12
66,Angelica,Robles,scochran@yahoo.com,Female,+1-430-305-5817x8023,Guam,2004-04-16
67,Daniel,Wang,vasquezjulie@craig.com,Other,040-198-4073,French Polynesia,2006-02-06
68,Ronald,Dunn,leahlee@yahoo.com,Male,+1-906-428-4259x3404,Argentina,1973-04-05
69,Mathew,Turner,joshuaturner@gmail.com,Female,001-309-542-6564x428,Montenegro,1967-09-20
70,Kimberly,Barnes,wrightkevin@carey-martin.com,Female,3657249563,Costa Rica,1972-11-26
71,Christopher,Miller,zthomas@yahoo.com,Male,001-440-736-0540,Mexico,1984-01-04
72,Stephanie,Moore,danielgeorge@yahoo.com,Other,001-422-557-6568,Bolivia,1979-11-26
73,Rodney,Levine,williamscynthia@hotmail.com,Other,001-495-219-8682x08998,Mayotte,1964-02-11
74,Linda,Johnson,odonnellautumn@yahoo.com,Other,160-198-5730,Guernsey,1968-07-03
75,Daniel,Wood,ramosbrittany@hotmail.com,Female,057-257-7778,Hungary,1967-05-11
76,Jacqueline,Walton,clarktroy@hess.net,Female,+1-161-186-0038x38118,Samoa,1984-06-02
77,William,Marsh,james07@hotmail.com,Other,001-381-364-6373x986,Tuvalu,1998-09-24
78,Nathaniel,Reeves,hallrobin@yahoo.com,Female,419-248-3530x3581,Isle of Man,2002-04-17
79,Michael,Avila,brianturner@yahoo.com,Female,+1-747-580-7353x7833,Macao,1962-05-27
80,Crystal,Moore,chawkins@fitzpatrick-pierce.com,Male,+1-503-626-0486x5771,Palestinian Territory,2002-06-26
81,Luis,Contreras,gonzalezjason@yahoo.com,Male,4292880777,Jamaica,1981-03-19
82,John,Ochoa,janet54@cole.org,Other,001-557-515-8936,Slovakia (Slovak Republic),2004-02-12
83,Darryl,Barry,kimdanielle@yahoo.com,Male,147-876-6983x43194,British Indian Ocean Territory (Chagos Archipelago),1980-11-03
84,Dwayne,Gray,jenkinswilliam@davis.com,Male,001-733-372-0543x02271,Saint Lucia,1998-10-05
85,Kaitlyn,Delacruz,brenda65@gmail.com,Female,1521593354,Tunisia,1989-08-26
86,Dustin,Richards,danielsmichelle@hogan-stevens.biz,Female,+1-821-523-6646x366,Pitcairn Islands,1964-11-19
87,Ashley,Green,kingjessica@oliver.org,Male,001-233-560-6802x748,Honduras,1989-01-23
88,Jacob,Day,ddominguez@yahoo.com,Other,001-287-410-2262x34247,New Caledonia,1971-08-04
89,Theresa,Mccormick,michaelodonnell@hotmail.com,Other,058.089.2153,Iran,2001-02-08
90,Lacey,Baker,jbrown@yahoo.com,Female,(763)766-1441x212,Netherlands Antilles,2002-06-17
91,Victor,Simmons,millscourtney@hotmail.com,Female,0544530701,Canada,1965-08-18
92,Christopher,Miller,whitney04@yahoo.com,Female,762.228.1187x008,Central African Republic,1973-11-19
93,Yvette,Mahoney,david55@kim.com,Female,306.758.7182x21541,Gibraltar,1999-03-14
94,Amanda,Davis,rroberts@jones.net,Female,001-689-541-0013x49689,Christmas Island,1987-03-26
95,Philip,Harrington,nedwards@thomas.com,Male,128.761.7741x526,Italy,1993-01-11
96,Katherine,Brown,xstrickland@gmail.com,Male,001-252-329-3365x1948,Luxembourg,1977-09-15
97,Renee,Watson,paul19@gmail.com,Male,450.745.6669x8801,Indonesia,1968-06-19
98,Rebecca,Thomas,bellsandra@yahoo.com,Other,877-044-2640,Italy,2007-01-30
99,Amanda,Stevens,jeanettecasey@terrell.com,Female,385.661.0090x3570,Serbia,1959-03-17
100,Christopher,Douglas,qshields@davidson-morgan.biz,Female,089.114.9658x3854,Vanuatu,1995-09-16
101,Roberta,Suarez,tracimiller@cameron.com,Other,381.287.1533x631,Faroe Islands,1965-05-20
102,David,Gonzales,gina61@hotmail.com,Female,425.449.5593x5987,Nigeria,2001-11-10
103,Megan,Patrick,joshua14@hotmail.com,Female,133.762.8906,Palestinian Territory,1989-08-12
104,Jenna,Ho,vwheeler@liu-espinoza.com,Other,4587377342,Wallis and Futuna,1989-11-22
105,Sydney,Navarro,reedjeffrey@harper-martin.com,Female,787-087-6009,Saudi Arabia,1990-05-01
106,William,Gonzalez,jeffrey72@beck.com,Male,+1-021-245-3784x22479,Papua New Guinea,1960-01-25
107,Patrick,Wolfe,stephensleah@yahoo.com,Female,857-798-6510,Jamaica,2001-02-13
108,John,Brandt,alexander19@gmail.com,Other,336.419.0289x440,Armenia,1989-03-17
109,Linda,Martinez,morganbrandon@gmail.com,Female,(290)147-0839,Dominica,1985-12-23
110,Diane,Odonnell,ryanhughes@yahoo.com,Other,657-789-0162,Mongolia,1989-10-10
111,Mary,Rogers,larrymoore@hotmail.com,Other,905-866-3891,Jersey,1986-08-25
112,Vanessa,Morgan,carlos45@gmail.com,Other,001-134-267-5929x64006,Samoa,2000-05-25
113,Vanessa,Mccoy,dwallace@hotmail.com,Other,669.076.8887,British Indian Ocean Territory (Chagos Archipelago),1978-02-02
114,George,Hughes,joshuapatterson@hotmail.com,Other,913.089.7337x725,Canada,1962-05-21
115,Linda,Mcpherson,james96@cook.com,Male,(099)203-0303x200,Bolivia,1978-08-06
116,Darin,Kelly,salinasbrittany@nguyen-dominguez.biz,Male,001-407-767-0344x5467,Belarus,1964-04-25
117,Kevin,Anderson,donaldsonrichard@gmail.com,Male,(490)482-5253x854,Western Sahara,1959-11-06
118,Miranda,Henderson,coreykennedy@yahoo.com,Female,(717)258-2945x5894,Israel,1984-02-20
119,Jeffrey,Hall,charlesthomas@mullen.com,Male,915-289-8148,Bangladesh,1988-08-13
120,Jennifer,Haas,emily56@bennett.biz,Male,0761433211,Slovenia,1959-06-23
121,Mary,Brown,colerobert@norman-davis.info,Male,736.445.5524x5346,Marshall Islands,1993-06-02
122,Victoria,Dillon,mcintyreadam@gordon.org,Female,001-054-726-3298,Turkmenistan,1980-02-01
123,Kimberly,Gordon,andrewdavis@smith.org,Female,+1-618-289-0311x310,Macao,2003-08-19
124,Jennifer,Sanchez,barbara67@floyd.com,Male,+1-896-167-0043x3418,Kazakhstan,2006-10-02
125,Jennifer,George,hernandezbethany@hotmail.com,Male,906-951-0577x2600,Northern Mariana Islands,1978-02-26
126,Anita,Reyes,jakegray@hotmail.com,Male,001-218-673-0651x7279,Rwanda,1989-06-07
127,Renee,Thomas,cohenstephen@hernandez.net,Other,378.350.1913,Eritrea,1990-03-24
128,Anthony,Scott,melindafernandez@gmail.com,Female,+1-477-544-9252x637,Gambia,1969-08-14
129,David,Murphy,katietaylor@yahoo.com,Female,(965)746-9644,Saint Barthelemy,1974-11-16
130,Taylor,Brown,ericdavidson@johnson-owen.com,Other,+1-138-777-8713x950,Montenegro,1983-11-20
131,Todd,Rice,terryjacob@hotmail.com,Female,001-329-726-0647x933,Libyan Arab Jamahiriya,1996-10-30
132,David,Miller,bakerkristina@miles.com,Female,(080)142-3662,Central African Republic,1968-12-16
133,John,Allison,shawndelgado@burke.com,Other,020.866.8463x008,Czech Republic,1991-11-28
134,Kimberly,Hampton,sloantodd@travis.com,Other,281.543.6140,Malaysia,1962-07-06
135,Donald,Smith,suzannerodriguez@case.com,Female,(979)981-9448x204,Luxembourg,1992-01-26
136,Rita,Baker,hjohnson@hoffman.com,Other,306-656-1228,Rwanda,1977-09-14
137,Crystal,Armstrong,rileyvanessa@gmail.com,Male,806.510.9603,New Zealand,1986-09-24
138,Bobby,Cohen,kevin37@english-peck.com,Female,776-889-9174x248,Namibia,1989-05-25
139,Ryan,Hamilton,hansonlauren@gmail.com,Other,063-625-8575,Montserrat,1968-08-25
140,Shannon,Torres,zachary10@gmail.com,Male,163.235.4951,Poland,1987-10-22
141,Jerry,Richardson,ohunter@gmail.com,Female,056-236-5060,Belarus,1994-10-27
142,John,Diaz,smithmelinda@wallace-ray.com,Other,0032489205,Mongolia,1963-03-26
143,Carl,Medina,smithlaura@smith.com,Male,540.906.1908x5263,Palau,2005-11-06
144,Michael,Grant,todd78@yahoo.com,Other,781-235-9171x651,Aruba,1961-04-07
145,Joshua,Garcia,smithedwin@valencia-cook.com,Male,001-698-031-1804x99140,Aruba,1978-11-07
146,Austin,Jackson,tarawatson@hotmail.com,Female,(858)054-3379x45054,Estonia,1988-03-15
147,Jennifer,Daniels,romerojill@zamora.net,Other,370-433-9249x5267,San Marino,1961-01-23
148,Steve,Jenkins,hilltroy@king.net,Other,087.013.9892x5043,Lebanon,1971-07-02
149,Michael,Gibson,carla60@elliott-mccarthy.biz,Female,332-708-8853x4160,Cameroon,1973-05-04
150,John,Oliver,amyers@hotmail.com,Female,510.040.7871x2819,Madagascar,1962-01-02
151,Jessica,Ford,victor46@hanna-ibarra.com,Other,372-843-9934,British Virgin Islands,1961-03-08
152,Anthony,Davis,uburke@rodgers-humphrey.info,Male,7386892198,Grenada,1962-01-13
153,Carol,Smith,zacharycollins@robertson.com,Other,(877)326-1619x306,Venezuela,1960-12-14
154,Ashley,Mullen,martinezdennis@castro-odonnell.com,Female,+1-788-397-8561x58327,Tajikistan,1989-04-07
155,Vanessa,Ferguson,cindynelson@gmail.com,Other,(933)363-1323x658,Fiji,1999-06-27
156,John,Moore,hkelly@pena-bell.biz,Male,(685)267-8797,Palau,1960-12-31
157,Leslie,Gonzalez,elizabethreeves@shelton-garcia.info,Male,(748)611-9686,Norway,1971-02-14
158,Robin,Benitez,prattjames@bush.com,Female,081.030.5564x7688,Tajikistan,1974-05-20
159,Daniel,Hall,ejohnson@hotmail.com,Male,294-950-2113x671,Madagascar,1998-11-09
160,Daniel,Stewart,danielbrown@gmail.com,Other,(841)117-2511,New Caledonia,1982-04-19
161,Catherine,Schneider,ycarrillo@cunningham.biz,Male,001-836-112-2849,Costa Rica,1960-01-02
162,Logan,Jones,deleonsandra@yahoo.com,Female,+1-210-752-4110x300,Bhutan,1981-05-13
163,James,Johnson,fjohnson@sanchez.biz,Female,302.297.1501,Saint Kitts and Nevis,1996-03-16
164,Robert,Woods,mcneiljason@yahoo.com,Other,949-680-7006,Hong Kong,1999-02-20
165,Christine,Jordan,daniel10@gmail.com,Other,+1-671-165-7281x2955,Armenia,1966-04-15
166,Lisa,Conway,owilliams@yahoo.com,Other,301.495.1722,Senegal,2000-11-21
167,Jessica,Carter,veronica20@yahoo.com,Other,463-370-4830x5866,Myanmar,1966-09-18
168,Nicholas,Zimmerman,campbellamanda@gmail.com,Female,(180)255-4877,San Marino,1995-04-14
169,Christian,Palmer,ufox@mccarthy.com,Female,001-087-800-3128x05161,Iran,1990-09-17
170,Susan,Castillo,bethgates@hotmail.com,Female,+1-412-273-2986x79183,Slovenia,1967-04-13
171,Rebecca,Sanders,andrew39@yahoo.com,Other,569.972.1405x915,Pakistan,1973-08-02
172,Cynthia,Perez,uherrera@hampton-vaughan.com,Female,+1-649-233-1129x446,American Samoa,1968-08-15
173,Zachary,Brown,robert93@rowland.com,Male,4338516506,Uruguay,1981-03-19
174,Zachary,Mcclure,miguel43@johnson.com,Male,336-238-2400x2972,Philippines,1965-04-07
175,Faith,Fitzpatrick,ywilliams@walters.com,Female,163-945-8950x60149,Puerto Rico,1968-11-06
176,Amber,Shea,lynn66@hale.com,Female,001-418-830-3296x656,San Marino,1980-06-21
177,Hannah,Roth,amy38@yahoo.com,Other,001-046-415-1107,Ethiopia,1969-06-16
178,Crystal,Meyers,qanderson@yahoo.com,Other,782-642-0042x9439,Azerbaijan,1965-01-24
179,Jennifer,Walker,mollykennedy@morrison.com,Female,259-624-6713,Gabon,1996-11-28
180,Heidi,George,lmays@hotmail.com,Female,5633086195,Qatar,1984-10-02
181,Amy,Bradford,krusso@yahoo.com,Female,+1-238-782-2464,Qatar,2001-10-21
182,Danielle,Logan,nicholasgaines@hotmail.com,Female,001-007-872-1366x91567,Romania,2003-12-31
183,Amanda,Douglas,jennifer63@gonzalez.biz,Female,001-214-500-1163x75488,Guernsey,1960-07-06
184,Timothy,Spencer,zware@calhoun.com,Other,+1-626-413-0110x512,Saint Helena,1974-06-05
185,Lisa,Rivas,zhumphrey@gmail.com,Other,073.331.3580,Nigeria,1988-10-23
186,Ashlee,Haynes,rosemonique@gmail.com,Male,001-467-128-5080x05507,Cayman Islands,1998-09-19
187,Ashley,Jimenez,eddiephillips@hill-griffin.org,Female,789.328.9885x9550,Gambia,1988-10-29
188,Seth,Matthews,amanda62@henry.biz,Female,618-200-8636x513,Kiribati,1978-04-18
189,Zachary,Murray,tporter@vang-bailey.com,Other,+1-357-111-6532x60879,Myanmar,2004-03-21
190,Mark,Torres,jerry70@yahoo.com,Female,360.462.8068,Pitcairn Islands,1967-01-22
191,Curtis,Miller,crawfordjennifer@bowen-baldwin.net,Female,048.173.1509,Czech Republic,1962-08-21
192,Alexandra,Wheeler,fstrickland@elliott-wheeler.com,Male,961-516-5520,India,1981-05-23
193,Olivia,Cooley,jason76@gmail.com,Other,+1-317-482-8912x8984,Sierra Leone,1992-06-08
194,Michael,Martinez,hancockcrystal@brown-hanson.com,Female,(634)746-6074x496,Maldives,1962-12-27
195,Michael,Diaz,julie22@hotmail.com,Male,751-332-5470,French Polynesia,1998-07-23
196,Evan,Hayes,lvalenzuela@gmail.com,Female,(388)859-5384x436,Sao Tome and Principe,1970-06-12
197,Ryan,Duncan,nicholsonricky@todd-kim.com,Other,(101)298-7578x573,El Salvador,1974-10-05
198,Mary,Smith,eric15@santiago-owens.com,Female,001-571-062-6501x49617,Grenada,1992-01-03
199,Sylvia,Thomas,isaac75@scott-ryan.info,Male,8892325816,Morocco,1974-01-24
200,Lindsey,Anderson,david45@mercer.org,Other,066.057.4850x2726,Cambodia,1999-03-22
201,Justin,Morgan,thomasdonald@yahoo.com,Male,(931)896-7916,Guinea,1971-12-07
202,Mary,Weber,parsonslisa@buckley.com,Male,497.861.1461x353,United Arab Emirates,1989-03-16
203,Mark,Guerrero,timothywagner@hotmail.com,Other,642-330-7276,Zambia,1966-01-08
204,Megan,Patton,dannyfletcher@campbell.info,Other,(534)826-6475x15531,Saudi Arabia,1965-02-03
205,Jason,Olsen,montgomerymelissa@gmail.com,Other,884.934.5345x724,Antigua and Barbuda,1985-10-25
206,Lori,Shah,nicholasdodson@gmail.com,Other,+1-784-907-2657x76120,Norway,1975-08-07
207,Joseph,Harris,johnsondenise@luna-gray.com,Other,001-562-949-8766,Belgium,1961-11-11
208,Michele,Carter,piercejessica@johnson.com,Female,+1-451-325-6241x9837,Ukraine,2001-01-26
209,Nathan,Chapman,smiles@berry.com,Other,111.870.6761x43166,Christmas Island,1960-04-05
210,Melissa,Preston,wwalker@le.org,Female,762-958-3760,Israel,1983-09-28
211,Juan,Callahan,davisnorman@green.com,Male,243-694-4689x2685,Sierra Leone,1974-06-15
212,Brandon,Oconnell,cheyenneingram@yahoo.com,Female,273.793.9930,Czech Republic,1984-08-12
213,Katherine,Reed,donaldsonjeremy@oneal-moore.net,Female,059.895.6025,Benin,1997-10-11
214,Jason,Harris,amber78@hotmail.com,Male,4439253593,Tunisia,1965-08-15
215,Lori,Howell,jonathanharris@ortega.org,Female,028.319.1660x918,Nicaragua,1978-08-17
216,Tracy,Mcmillan,april63@gmail.com,Other,2492061452,Guinea,2001-02-14
217,Erika,Bradley,jeffreyvasquez@yahoo.com,Female,001-644-449-6870x60752,Falkland Islands (Malvinas),1963-10-22
218,Erin,Rodriguez,juliecastro@washington-ruiz.com,Female,391-848-7391x68335,Jordan,2000-07-19
219,Mark,Rios,pattersonpaula@gmail.com,Male,354-562-7629x5652,Armenia,1995-01-09
220,Kristine,Weeks,bradley83@hopkins-mcbride.com,Other,(791)748-0424,Namibia,1959-07-11
221,Jacob,Mahoney,jbennett@martinez.com,Other,1903438372,Guernsey,1976-08-06
222,Tammy,Williams,mckayholly@hotmail.com,Male,(742)637-2196,Guyana,1977-07-24
223,Lori,Wood,danieljamie@hotmail.com,Female,351-109-6473,French Guiana,1969-02-04
224,Kenneth,Thompson,wgonzalez@curry-chavez.com,Male,(544)314-5265x032,Sierra Leone,1964-05-03
225,Vanessa,Olson,clarkaaron@hotmail.com,Male,933-395-2004,Antigua and Barbuda,2002-11-06
226,Joyce,Meyer,henrydenise@gmail.com,Male,232.226.6721x448,Sudan,1997-09-29
227,Christine,Conley,ehayes@yahoo.com,Female,214.144.2414x848,Mali,1962-02-19
228,Ashley,Benitez,umoore@lambert.com,Other,966-154-4725,Canada,1999-10-20
229,James,Parsons,dlloyd@olson-carroll.org,Male,968.811.6075,Netherlands,1980-11-10
230,Amanda,Alexander,kennethpope@morrison-bray.biz,Male,(138)114-3186,Mongolia,1990-05-09
231,Danielle,Bass,rebecca04@yahoo.com,Other,741-836-6826x285,Kazakhstan,1987-01-21
232,Michelle,Wright,suttonlauren@lawrence-lopez.org,Other,4954804605,United Arab Emirates,1973-10-25
233,Jason,Miller,andersondavid@mays.com,Female,+1-248-647-7822x01587,Suriname,1996-03-15
234,Maria,Miller,gregoryjames@yahoo.com,Female,+1-578-122-5707x6083,Germany,1995-10-16
235,Kim,Cain,oray@burns.com,Female,(907)476-4341,Chad,1990-08-27
236,Latoya,White,pthomas@gmail.com,Other,722-178-7722,Nigeria,1995-09-07
237,Denise,Hunter,rebekahjones@gmail.com,Male,(317)625-2453x050,Tokelau,2004-09-05
238,Lori,Snow,phillipsmartha@hawkins.biz,Female,0498309506,Angola,2003-02-27
239,Lori,Hartman,anna18@duncan-petersen.net,Female,(291)479-3625x45188,Eritrea,1984-11-25
240,Mariah,Olsen,rachelwilliams@black-dudley.biz,Other,+1-101-876-9676x2133,Aruba,1993-03-21
241,Anthony,Morris,tiffanywalker@hotmail.com,Other,+1-048-407-8015,Taiwan,1988-10-24
242,Lisa,Williams,audrey28@gmail.com,Female,524-980-4724x98768,Christmas Island,1965-06-14
243,Catherine,Herrera,ihall@gmail.com,Male,011-431-7511x97515,Northern Mariana Islands,1961-08-07
244,Dawn,Miller,codylewis@moon.net,Other,756-253-2770x2056,Vanuatu,1980-09-15
245,Linda,Thomas,kennethduncan@hotmail.com,Male,446.423.3725x6695,Norway,1961-05-15
246,Erin,Palmer,hmiller@gmail.com,Male,138.410.9703,Jordan,2006-11-22
247,Jason,Ochoa,michael63@ramsey-freeman.com,Other,0169346043,Kuwait,1969-03-09
248,Zachary,Mitchell,jleon@hotmail.com,Other,001-405-049-5954x8692,Azerbaijan,1991-12-17
249,Amber,Benson,javierbrown@martin-ross.org,Male,500.675.0557,Haiti,2005-11-13
250,Michael,Nguyen,sanchezdavid@gonzalez.com,Male,1135428993,Taiwan,1961-06-24
251,Danny,Underwood,brancholivia@smith.biz,Female,578-903-6780x6641,Fiji,1989-02-05
252,Mary,Cox,jacquelinelopez@howell.biz,Other,+1-279-347-6311x2714,French Guiana,1991-10-06
253,Denise,Burton,christinalawrence@yahoo.com,Female,887-841-7025,Mauritania,1992-07-25
254,Margaret,Smith,timothymendez@hotmail.com,Female,(566)306-0057x846,Korea,1992-10-28
255,Rebecca,Thomas,nguyenaustin@yahoo.com,Other,001-379-101-4847x5738,Germany,1961-05-05
256,Kevin,Barnes,thomasbond@benitez.info,Male,057.195.2719,South Georgia and the South Sandwich Islands,2006-01-25
257,Roger,Anderson,laurenbutler@yahoo.com,Female,(028)270-1432x74334,Sao Tome and Principe,1965-02-03
258,Todd,Tapia,michellerichardson@gmail.com,Other,383.486.6392x0931,Cayman Islands,1969-12-10
259,William,Jarvis,benjaminbradley@hotmail.com,Female,001-823-898-5859x12185,Luxembourg,2006-08-24
260,Christina,Gonzalez,fosterevan@gmail.com,Other,(722)956-0918,Ireland,1968-12-30
261,Jillian,Lawson,dmitchell@gmail.com,Female,922-989-9967,Cyprus,1991-11-02
262,Alan,Stark,qrussell@young.com,Female,106-148-1976,Papua New Guinea,1977-06-27
263,Scott,King,csimpson@moran-ochoa.net,Female,775-889-3851,Italy,1976-02-03
264,Denise,Stevens,victor24@hotmail.com,Female,0360654638,Palau,1986-03-22
265,Daniel,Hampton,david11@lawson.com,Female,210.671.2552,Vietnam,1988-04-25
266,Jesus,Wright,lewispamela@morgan.biz,Female,234.120.2194x5250,Reunion,1974-01-12
267,Brandon,Martinez,vazquezdesiree@yahoo.com,Other,434.205.8598,Bosnia and Herzegovina,1993-02-20
268,Tammy,Shannon,iwebb@hotmail.com,Female,3863521872,Brazil,1997-07-04
269,Susan,Barnes,martinamanda@hotmail.com,Other,+1-151-602-4028x28893,French Southern Territories,1989-09-22
270,Daniel,Kennedy,barrydaniels@yahoo.com,Male,170-459-8198x075,Seychelles,1968-03-20
271,Raymond,Smith,jamesramirez@smith-hughes.com,Male,376-371-0989x08780,Saint Martin,1997-10-02
272,Ashley,Walker,olsonmichael@hotmail.com,Other,(522)912-8882x2222,Bouvet Island (Bouvetoya),1976-12-27
273,Matthew,Duke,daniellong@clark.com,Male,973-608-1644,Azerbaijan,1967-09-30
274,Garrett,Durham,amber91@gomez-sexton.com,Female,001-118-287-5070,Bahamas,1979-08-17
275,Robert,Peterson,jesusmyers@yahoo.com,Male,560.278.3866x449,Oman,1970-01-19
276,Todd,Nelson,lisabartlett@martin-yu.org,Male,(971)985-0705,Macedonia,1970-05-05
277,Andrew,Salazar,jamieliu@yahoo.com,Male,444-276-0465x0734,Cayman Islands,1995-04-22
278,Amanda,Benitez,robbinsnatalie@wright.com,Female,+1-161-251-9343,Oman,2003-02-12
279,Jorge,Floyd,fwright@gmail.com,Other,001-755-320-1091x587,Ghana,1985-01-16
280,Zachary,Vasquez,arroyomichelle@yahoo.com,Other,352-115-8350x5976,Burundi,1975-12-10
281,Tina,Washington,thompsondouglas@yahoo.com,Other,395-971-9045x178,France,1960-05-01
282,William,Brown,adamsvanessa@martinez.org,Female,857-386-4448x582,Cocos (Keeling) Islands,1997-02-13
283,Christopher,Martin,obailey@nelson.org,Male,918.747.7573,Malta,1990-08-31
284,Amanda,Jones,evan79@gould.biz,Female,+1-301-310-1471x67210,Algeria,1981-04-08
285,Mary,Garza,phillipsdavid@gmail.com,Other,(345)765-9024x013,Hungary,2004-11-19
286,Pamela,Anderson,leahroach@fitzgerald-garcia.info,Female,904-226-8522x93880,Cape Verde,1994-08-24
287,Tiffany,Esparza,vaughnjohn@hotmail.com,Female,770-661-9050,Iran,1995-09-04
288,Scott,Ramirez,yrobinson@anthony.com,Male,001-723-058-0296x911,Tajikistan,2005-03-11
289,John,Bass,deborahdickerson@yahoo.com,Other,(121)539-2343x4142,Malaysia,1983-04-29
290,Aaron,Smith,jenniferlarson@kane.biz,Male,+1-785-755-4844x9701,Georgia,1978-08-12
291,Anne,Gallegos,markanderson@yahoo.com,Male,001-613-242-3281,Gabon,2002-09-22
292,Joshua,Stephenson,torresjessica@sparks-harrington.info,Female,+1-866-768-2188x824,Venezuela,1980-05-03
293,David,Lamb,tiffany69@sanders.biz,Female,6998108067,Tunisia,1974-09-17
294,Amy,Zimmerman,williamsallison@hotmail.com,Male,867-513-5880,Qatar,1993-05-15
295,Sara,Kramer,stevenbeck@martinez-williams.org,Other,114-946-9370,Saint Martin,1999-11-27
296,Charles,Barber,xmarshall@wade.info,Other,(342)886-6346x74466,Costa Rica,1989-05-21
297,Jose,Mcconnell,hbrown@patel.biz,Female,974.861.0054x447,Antarctica (the territory South of 60 deg S),1996-10-20
298,Mary,Tran,badams@hotmail.com,Other,001-482-748-2263x613,Cocos (Keeling) Islands,1978-04-25
299,Luis,Haley,vtaylor@yahoo.com,Female,001-688-923-5507x678,Austria,1962-08-01
300,Lisa,King,arianaanthony@yahoo.com,Other,(832)418-2832x28821,Indonesia,1976-06-01
301,Abigail,Harper,shellyhernandez@gmail.com,Other,+1-881-034-2041x308,Congo,1995-05-02
302,Erika,Love,rebeccacooper@gmail.com,Female,564-395-1162x7938,Netherlands Antilles,1979-07-02
303,Hannah,Lee,jasminekelly@gmail.com,Other,001-787-521-1419x315,Netherlands Antilles,1965-05-22
304,Patrick,Hall,hallmary@hotmail.com,Female,001-991-943-9210x53014,Afghanistan,1959-08-02
305,Nicole,Reynolds,zjones@yahoo.com,Female,946-910-5918x419,Bulgaria,1979-01-28
306,Rita,Harris,yhansen@yahoo.com,Male,630.084.4399,Hong Kong,1968-08-29
307,Nicole,Williams,shannonbrown@yahoo.com,Other,560-990-4738x7445,Denmark,1986-01-08
308,Lisa,Silva,hosborne@gonzalez.com,Male,(856)845-8947,Guinea-Bissau,2001-06-26
309,Jessica,Martinez,harringtonamanda@hotmail.com,Male,+1-074-229-9963x8290,Andorra,1985-01-19
310,Michelle,Williams,janicebarnes@gmail.com,Male,001-597-530-4691,South Africa,1973-11-24
311,Alexander,Erickson,hillvanessa@robles.net,Male,429-958-9970x17942,Chad,1961-04-24
312,Randy,Barr,moyerjeffrey@thomas.com,Female,017.895.2505,Burkina Faso,2003-05-06
313,Miranda,Gray,jeffreysmith@gmail.com,Other,+1-016-377-8569,United States Virgin Islands,1968-12-16
314,Debbie,Singh,wwalter@rodriguez.com,Female,899-262-0528,Austria,1995-08-27
315,Matthew,Williams,hwhitaker@riley.info,Other,+1-409-485-7451,Lesotho,1997-03-24
316,Tracie,Nguyen,marydunn@gmail.com,Male,747.814.3807x741,Nicaragua,1983-03-28
317,Lindsey,Wallace,mpatterson@gmail.com,Female,031.627.1648x9844,Mongolia,1983-09-16
318,Anne,White,danielle91@little.com,Female,001-301-082-2437x596,Belize,1964-05-23
319,Angela,Wallace,nicolereynolds@hotmail.com,Female,+1-761-491-7460x4308,Mauritania,1995-09-10
320,Brittany,Clark,lhiggins@gmail.com,Male,(545)061-6567x6923,Jersey,1959-07-27
321,Robert,Kemp,acuevas@ryan.com,Male,707.251.2498x077,Norway,1993-10-30
322,Megan,Warner,tmadden@yahoo.com,Male,(226)057-3984x9924,Bangladesh,1968-11-07
323,Matthew,Bullock,ryan96@chapman-fox.org,Male,219.942.0767x5740,Monaco,1966-02-04
324,Kristin,Savage,hguerra@price-nelson.info,Other,001-111-783-1619,Nauru,1959-05-17
325,Brian,Robertson,erikryan@lopez.info,Female,826-659-7293x38251,Guadeloupe,2002-07-18
326,Linda,Bryant,elynch@hotmail.com,Female,297-537-0810,Poland,2004-08-30
327,Amy,Brown,paula32@hunt.info,Female,001-782-126-0447x89909,Tokelau,1994-08-26
328,Kendra,Reynolds,amanda22@lopez.info,Female,001-602-758-9885,Armenia,1977-06-21
329,Erica,Welch,ethan60@yahoo.com,Other,(967)034-0168x664,Denmark,1985-11-08
330,Lindsey,Martinez,normantimothy@hotmail.com,Female,+1-465-699-1468x93304,Solomon Islands,1990-08-27
331,Melanie,Baker,lauren67@yahoo.com,Female,+1-327-052-7522,Saint Helena,1979-02-19
332,Kayla,Preston,floresjessica@rosales.com,Female,001-362-042-9350x6158,Kazakhstan,1980-09-18
333,Sandra,Jones,upace@christensen-bennett.org,Female,(375)358-3344,Oman,1986-11-29
334,Debra,Tucker,jennifer25@yahoo.com,Female,483.020.6003,Niger,1992-02-24
335,Shannon,Huynh,hunter99@hotmail.com,Female,(031)798-7028x696,Denmark,1964-08-20
336,Melissa,Walker,rturner@miller.com,Male,773.741.3967x657,Cuba,1989-12-19
337,Scott,Mcdowell,ygarcia@sims-jones.com,Other,6493092988,Qatar,1999-02-24
338,Matthew,Johnston,cookpamela@bailey-holmes.info,Female,(514)646-2417x6706,San Marino,2005-11-14
339,Peter,Williams,timothy16@smith-carter.com,Other,+1-243-062-5976x4663,Gibraltar,1968-01-20
340,Connor,Williams,madison71@gallegos.com,Female,001-734-988-8111x9851,Greece,1979-09-15
341,Aimee,Peters,seandavis@yahoo.com,Other,465-256-4813x108,Isle of Man,1985-09-24
342,Anthony,Williams,olewis@rivera-chan.com,Male,001-992-201-3556x85041,Uganda,1964-06-16
343,Susan,Freeman,dawntucker@chavez.info,Female,(396)385-4381x17908,French Guiana,1971-05-10
344,Ian,Rose,christine48@morales.com,Other,609.655.4278x68879,Lebanon,1987-08-24
345,Heidi,Pruitt,cindyjones@gmail.com,Female,+1-608-811-8290x5114,Cuba,1960-10-10
346,Peter,Smith,andreacook@yahoo.com,Male,(063)868-7115x6444,Macedonia,1985-08-05
347,Matthew,Costa,shelby59@gmail.com,Male,001-055-057-3303x295,Jamaica,1965-11-23
348,Ana,James,nicolepatton@hotmail.com,Male,(197)597-0404x31179,Argentina,1970-06-16
349,Joe,Welch,dshepherd@gmail.com,Other,001-050-122-3984x2849,Vanuatu,1979-12-14
350,Janice,Hernandez,lee00@brown.com,Male,(608)503-3113x639,Nicaragua,1991-02-10
351,Ashley,Henderson,loricontreras@garcia-bell.com,Other,365-588-0691x1129,San Marino,1964-07-07
352,Edward,Brown,wsalas@byrd.com,Female,639-262-7440,Liberia,1970-01-07
353,Phillip,Simon,joseph88@mccarthy-jefferson.com,Other,(740)603-2467x3884,Reunion,1960-11-20
354,Abigail,Copeland,tamara76@hotmail.com,Other,552-117-1388x40811,Turkmenistan,2004-04-13
355,Julie,Lowe,mclark@maxwell.com,Female,519.213.8868x0806,Azerbaijan,1978-09-28
356,Rose,Wyatt,jennifer86@gmail.com,Other,045.591.0882x090,Congo,1972-01-31
357,Steven,Peterson,ruizanthony@pearson.info,Female,001-143-141-2279x784,Equatorial Guinea,1964-12-03
358,Ryan,Donovan,jonesronald@yahoo.com,Male,903.577.1917,Angola,1992-09-09
359,Danielle,Walters,codygraham@hotmail.com,Female,8642571101,Slovakia (Slovak Republic),1996-08-28
360,Tanya,Joseph,pamela94@gmail.com,Other,(446)145-1556,New Zealand,1989-08-26
361,William,Knight,glennvalenzuela@torres.com,Female,102.994.0919,Luxembourg,1994-10-07
362,Gwendolyn,Murphy,apriljones@gmail.com,Female,+1-780-255-9150,Guatemala,1998-02-16
363,Rebecca,Watts,christian90@hotmail.com,Female,+1-257-085-5316x898,Martinique,1968-01-30
364,Jeff,Parker,robertsonkatie@gmail.com,Female,+1-591-351-9565x2110,French Polynesia,1987-07-12
365,Paula,Shea,bradfordandrea@brady.biz,Female,+1-333-208-3105,Uganda,1975-11-15
366,Sara,Mendoza,michael04@yahoo.com,Other,992-806-0775,Cocos (Keeling) Islands,1996-11-22
367,Mary,Fox,qnunez@gmail.com,Other,960.541.4899,Vanuatu,1999-10-24
368,Susan,Clark,xjensen@hotmail.com,Other,0192800486,Bouvet Island (Bouvetoya),1987-04-17
369,Anthony,Davis,mturner@hotmail.com,Other,+1-650-096-7032x24971,Costa Rica,1981-09-27
370,Diana,Cox,ebryant@rowland-collier.org,Female,001-596-123-5697,Indonesia,1991-12-12
371,Gabriella,Chandler,brittney62@hotmail.com,Other,(214)655-0878,Moldova,1973-05-12
372,Aaron,Brown,stricklandgregory@martin.net,Male,001-176-284-3377x8359,Grenada,1972-01-21
373,Amanda,Ellis,laurenthomas@gmail.com,Female,+1-559-293-2293x5528,Bulgaria,2003-04-30
374,Michelle,Velasquez,vbeard@hotmail.com,Male,243-989-7184x923,Greece,1984-08-07
375,Christopher,Smith,patricknovak@gmail.com,Other,+1-579-870-3019x006,Eritrea,1961-03-27
376,Megan,Stark,tamararoberts@wood.org,Other,259.232.7176,Guatemala,1966-11-25
377,Veronica,Curry,garrettmatthews@hotmail.com,Male,695-610-0457x8149,Pitcairn Islands,2004-09-04
378,Eric,Carter,emason@yahoo.com,Male,(335)679-3329x34219,Guernsey,2005-11-10
379,Richard,Andrade,paynevalerie@gmail.com,Other,625-069-8286,France,1963-10-27
380,Maria,Gregory,zflores@clay.net,Female,076.346.7216,Kyrgyz Republic,1968-08-16
381,Stephanie,Vance,cassandra38@hotmail.com,Other,+1-648-524-8639,Burkina Faso,1984-08-12
382,Natasha,Brown,emma33@burke-patel.org,Male,+1-682-130-4612x9105,Trinidad and Tobago,1986-10-29
383,Dawn,Peterson,brenda23@whitney.biz,Other,(526)467-1071,Greece,1959-09-13
384,Carlos,Schroeder,phillipnash@torres.com,Male,622.116.1064x902,Luxembourg,1994-01-16
385,Ryan,Rodriguez,toddtorres@yahoo.com,Male,(081)796-2533,Mauritius,1972-03-03
386,Julia,Mitchell,alexandervega@hotmail.com,Other,+1-019-680-3935x37174,French Polynesia,1975-08-24
387,Manuel,Mitchell,whitealfred@yahoo.com,Male,001-428-327-5241x41525,Ireland,1988-11-12
388,Teresa,Cordova,daniel73@hotmail.com,Male,+1-284-975-5662x315,Denmark,1996-03-15
389,Glen,Adams,alvarezjoseph@hotmail.com,Female,(916)760-5624x2778,Indonesia,1975-10-03
390,Monique,Clark,olsonmatthew@yahoo.com,Other,001-261-378-9545,Costa Rica,1992-01-27
391,Patrick,Stone,christopher71@yahoo.com,Male,353-531-9941,French Guiana,1989-04-20
392,Ariana,Blevins,lopezjames@ford.com,Female,(920)694-0530,Anguilla,1968-04-10
393,Patrick,Simmons,laura86@gmail.com,Female,3842301290,Martinique,1998-10-13
394,Kevin,Cox,alvarezjennifer@hotmail.com,Male,973-454-0015,Montserrat,1974-03-17
395,John,Harper,bradley46@hotmail.com,Female,+1-580-673-1787x084,Paraguay,1998-09-05
396,Robert,Morales,abriggs@butler-andrews.org,Male,+1-282-650-2090x54937,Chile,1993-10-25
397,Jason,Zhang,reedcarla@gmail.com,Female,859.935.2284x2852,Uganda,1964-04-02
398,David,Jacobs,lindalittle@gmail.com,Male,262.360.0841,Falkland Islands (Malvinas),1993-07-22
399,Denise,Jefferson,hallcharles@hotmail.com,Male,142-393-9388,Martinique,1991-05-24
400,Darlene,Smith,joshuajames@navarro-woodward.com,Other,+1-673-377-7851x61587,Afghanistan,1982-05-25
401,Elizabeth,Jones,loricoleman@freeman.com,Female,099-153-3409,Gabon,1982-05-27
402,Christy,Henderson,tatechristopher@gmail.com,Female,001-692-267-2619x59885,United Arab Emirates,1999-10-13
403,George,Cruz,amiller@gmail.com,Female,001-869-604-8362x726,Egypt,2001-04-24
404,Karen,Bennett,rwilson@norton.com,Female,722-302-5835x14308,Slovenia,1998-02-11
405,Patrick,Harper,albert04@adams-pearson.net,Female,3294161982,Iran,2005-12-21
406,Heather,Smith,xfreeman@hotmail.com,Male,(647)677-1241x9920,Cameroon,1977-06-17
407,Jasmin,Hall,agonzales@yahoo.com,Male,(917)005-6183x1940,Dominican Republic,1970-04-05
408,Lynn,Knight,abrown@hotmail.com,Other,017-554-1411,Saint Lucia,1961-07-24
409,Steven,Suarez,zamoracolin@yahoo.com,Other,(037)966-9668x88407,Benin,2003-02-18
410,Nicole,Jones,lanegeorge@yahoo.com,Other,549.093.3631x884,Burkina Faso,1969-08-02
411,William,Castillo,julieyoder@hotmail.com,Male,001-195-643-0927x556,Mauritania,1978-12-01
412,Tina,Allen,bproctor@hotmail.com,Female,750.210.2666,Ireland,1988-07-14
413,Philip,Archer,irwinann@gmail.com,Other,033.439.4688x88387,Togo,2001-08-02
414,Anna,Cruz,jthompson@gmail.com,Female,+1-402-960-2451x8526,Vanuatu,1981-11-08
415,Carolyn,Howard,joneslisa@turner.org,Other,(585)780-3564x73363,Honduras,1974-10-15
416,Erica,Riddle,spencerjames@gmail.com,Female,801.034.6052x488,Angola,1971-10-14
417,Kayla,Smith,gomezjessica@gmail.com,Female,(227)100-3807x993,Paraguay,1979-09-02
418,Oscar,Valentine,javierkelley@yahoo.com,Male,001-674-842-8726x587,Estonia,1999-02-26
419,Victor,Cain,anthonyanthony@stark.com,Female,4598140209,Guyana,2006-02-05
420,Michael,Hendricks,catherinejones@turner-stewart.biz,Female,314-998-9035x873,Argentina,2002-05-24
421,Daniel,Hoffman,thomas33@hotmail.com,Female,(691)555-2167x14985,United Kingdom,1997-10-15
422,Zachary,Luna,parkernicole@white.net,Other,627.118.6356,Liberia,1967-08-09
423,Angela,Valdez,ugraham@gmail.com,Male,893.097.0011x88528,Fiji,1993-05-07
424,Lisa,Whitehead,miguel50@moore.com,Female,636.349.7357x4905,Vietnam,1985-06-11
425,Aaron,Gibson,djacobs@gmail.com,Male,9348042625,Belize,1988-08-09
426,Jennifer,Gomez,jonesannette@mullen.org,Female,+1-707-341-8288x2715,Belize,1976-08-29
427,David,Allen,gibsonrichard@banks-alexander.com,Male,354-560-7960x3788,Liberia,2002-03-20
428,Gabrielle,Hart,tiffany72@stark.com,Female,147-139-6831x7024,Holy See (Vatican City State),1969-09-01
429,Brooke,Allen,ustewart@harrison.com,Female,372.953.0409,Fiji,2005-07-26
430,Tammy,Moody,youngsarah@adams.com,Other,803.877.2455x9586,Christmas Island,1981-07-31
431,Donna,Ryan,xturner@thompson.com,Female,8525119061,Guyana,1961-08-30
432,Nicholas,Watkins,michaelrogers@reed.com,Male,390-233-4262x38692,Cuba,1992-10-05
433,Margaret,Levy,rothmolly@gmail.com,Male,979.229.2290x034,Cameroon,1997-11-24
434,Jacob,Heath,gilessteven@hotmail.com,Male,+1-041-791-1567x8278,Brazil,1980-04-14
435,William,Henderson,zcampbell@taylor.com,Female,081-917-4224x97633,Singapore,1981-08-21
436,James,Miller,leonardnatalie@gmail.com,Other,507-806-3434x953,Iran,1991-05-22
437,Bryan,Davis,gilesalexander@yahoo.com,Other,163.098.2545,Papua New Guinea,1993-01-20
438,Christine,Washington,brianjackson@chapman-nielsen.com,Female,098.672.8808x83392,Taiwan,1998-09-30
439,Joshua,Meyer,acampbell@jimenez.com,Female,654-838-9895,Sweden,1989-06-30
440,Brandon,Warren,cwalters@gmail.com,Other,001-144-588-6649,Switzerland,2002-03-30
441,Gabriela,Juarez,juan39@gmail.com,Female,+1-150-305-8391,India,1994-06-25
442,Erik,Huffman,pattonjoseph@gmail.com,Male,+1-539-758-9949x76935,Bahrain,1993-09-09
443,Samantha,Atkins,parkerjoshua@miller.com,Other,+1-857-536-2665x82340,Madagascar,1961-04-10
444,Gabrielle,Navarro,robert79@robinson-williams.com,Other,+1-668-255-2776,Pakistan,1992-12-21
445,Katherine,Dawson,ericaunderwood@coleman.org,Male,(214)288-4249x86214,Cocos (Keeling) Islands,1975-08-19
446,Michael,Huffman,daniel13@young-davidson.com,Female,453.382.1941x903,French Guiana,1967-11-12
447,Robert,Boone,schroederjames@yahoo.com,Female,+1-641-048-1200x0724,Martinique,2003-09-11
448,Christina,Sanders,williamstroy@gilmore.com,Other,+1-568-289-1202x47394,Guinea,2002-05-14
449,Christina,Zamora,james19@yahoo.com,Female,(723)779-4028,Greenland,1979-01-14
450,Angela,Allen,danajohnson@hotmail.com,Male,268.203.0980,New Zealand,1994-04-17
451,Tony,Mitchell,zbest@yahoo.com,Other,001-830-966-7114,Jamaica,1963-02-06
452,Bethany,Simmons,david62@peterson-thomas.com,Other,001-455-203-4602x7315,Saint Vincent and the Grenadines,1981-09-27
453,Roberto,Obrien,cherylroberts@clay.biz,Female,+1-406-764-8294x62307,Angola,1966-09-30
454,Tiffany,Davidson,nathandelacruz@davis.com,Other,(775)985-4445x519,Dominican Republic,1969-10-07
455,Eileen,Barnes,robertbrown@hotmail.com,Male,850.407.2249x3091,Comoros,1998-09-26
456,Phillip,Fuentes,noahtucker@james.info,Male,001-899-576-8558x43317,Martinique,1994-09-20
457,Dylan,Griffith,laura77@golden-campos.com,Male,001-843-546-5026x54239,Niue,1989-04-04
458,Michael,Davis,stephaniespencer@yahoo.com,Female,+1-735-517-5668x2351,Egypt,2006-08-13
459,Brandon,Watson,chungmatthew@yahoo.com,Other,(318)202-1367x5395,France,1994-10-16
460,Christopher,Griffin,cynthia75@gmail.com,Female,+1-171-910-8014,United States Virgin Islands,1982-11-27
461,Devin,Graham,rtaylor@gmail.com,Female,+1-436-618-3774,Liechtenstein,2001-06-27
462,Stuart,Zamora,hsweeney@berg.com,Female,986-153-9607x13525,Macedonia,1994-03-18
463,Amanda,Fields,gainesrichard@conner.com,Male,047.343.0007,Mali,2001-08-17
464,Michelle,Contreras,efoster@yahoo.com,Female,001-403-282-6528x373,Bangladesh,1997-05-25
465,Philip,Patterson,smithangela@hotmail.com,Female,(825)716-3703,Bosnia and Herzegovina,1989-03-16
466,Sierra,Robertson,caroline35@hotmail.com,Male,216.449.7660x517,Chile,1986-01-10
467,Taylor,Chavez,erobles@gmail.com,Other,001-355-192-8341x36304,Dominica,1986-12-29
468,Brandi,Sampson,michaelreese@hayes.biz,Female,585.028.3680,San Marino,1996-10-24
469,Kimberly,Mann,deansellers@gmail.com,Male,8961797944,Sri Lanka,1977-06-18
470,Shannon,Jimenez,gloria48@yahoo.com,Other,(171)184-9211x5015,Slovakia (Slovak Republic),1982-09-07
471,Gina,Duarte,stewartdeborah@yahoo.com,Male,001-019-728-5197,New Caledonia,1982-05-14
472,Allison,Johnson,katherineholmes@gmail.com,Other,001.565.2889,Iraq,1966-04-23
473,Amanda,Gutierrez,hmoon@powell.com,Male,785-216-7456x24455,Iraq,2006-03-19
474,Annette,Hernandez,michelle25@gibson.com,Other,550-363-5307x559,British Virgin Islands,1985-01-07
475,Ashley,Davis,vanessa61@watson.org,Female,+1-185-939-2091x0116,United States of America,1977-11-08
476,Mary,Hernandez,scottedwards@taylor.info,Male,+1-241-854-4398x2690,Bermuda,1967-03-26
477,Gregory,Gonzalez,jgarcia@yahoo.com,Male,694.093.6551x91983,Niue,1965-02-18
478,Lacey,Turner,alejandroodonnell@bates-mitchell.info,Male,(270)941-1915,Dominica,1978-09-12
479,Kimberly,Garcia,kellymaldonado@yahoo.com,Female,+1-234-702-2214x66093,Azerbaijan,1999-01-12
480,Thomas,Gomez,robert84@barnes.net,Male,272-955-4164x00521,Svalbard & Jan Mayen Islands,1997-04-24
481,Brandon,Martinez,nanderson@gmail.com,Male,792-203-2309x7483,Belarus,2001-12-12
482,Gina,Jones,hodgetheresa@hotmail.com,Female,001-901-854-5876,Kiribati,1978-10-04
483,Dylan,Marsh,debrajackson@washington.biz,Other,377.276.2902x920,Nigeria,1961-01-19
484,Sandra,Alvarado,scooper@hotmail.com,Male,618-940-7359,Macedonia,2003-01-21
485,Cynthia,Salazar,wandacox@garcia.biz,Male,759.454.4362,Christmas Island,1989-01-02
486,Patricia,Martinez,rebeccadavis@stevenson.info,Female,024-214-9558x180,Niue,1988-08-26
487,Penny,Owens,jeffreyfletcher@miller.com,Male,001-505-396-1553,Congo,1976-07-25
488,Tammy,Allen,brandon89@martinez.com,Male,001-836-766-9900,Antarctica (the territory South of 60 deg S),2002-02-06
489,Vincent,Jones,murphyjimmy@yahoo.com,Other,001-408-687-4718x96936,Papua New Guinea,1964-11-30
490,Sarah,Ramos,garrettjames@miller-thomas.org,Male,587-088-0414,Montserrat,1975-09-07
491,Rhonda,Rodriguez,maria58@wallace-barrett.com,Other,(993)740-8196,Morocco,1995-07-16
492,Benjamin,Davis,gsmith@miller.info,Other,5711040065,British Virgin Islands,1968-12-13
493,Shannon,Horton,samanthafreeman@miller-terrell.com,Male,328-347-9850,Qatar,1973-10-28
494,April,Watson,moralesjeffrey@bowen.net,Male,001-808-353-9008x2784,Georgia,1991-03-19
495,Jesus,Morgan,diana70@gmail.com,Female,284-142-6549x07136,Togo,1976-11-17
496,Melissa,Ward,melissa99@yahoo.com,Other,070.447.8635x799,Sierra Leone,1997-03-07
497,Kaitlyn,Patterson,kevin43@gmail.com,Male,+1-403-831-4516x70055,Lesotho,1999-11-30
498,Matthew,Erickson,whitejason@hotmail.com,Female,(216)324-5896x3926,Bosnia and Herzegovina,1995-08-21
499,Jennifer,King,kevin73@yahoo.com,Female,+1-604-758-4817x2117,Mozambique,1965-02-10
500,Sara,Bennett,cpatel@hotmail.com,Female,001-279-071-6231x3149,Lesotho,1996-12-05
